sample-id	run-accession	fastq_ftp	fastq_md5
K.BeL.1.1	SRR16146708	ftp.sra.ebi.ac.uk/vol1/fastq/SRR161/008/SRR16146708/SRR16146708_1.fastq.gz;ftp.sra.ebi.ac.uk/vol1/fastq/SRR161/008/SRR16146708/SRR16146708_2.fastq.gz	44f3ff0e4dddd3d44ba1a22ca289ecec;273f335235baff80841806a9273881a1
K.BeL.1.2	SRR16146707	ftp.sra.ebi.ac.uk/vol1/fastq/SRR161/007/SRR16146707/SRR16146707_1.fastq.gz;ftp.sra.ebi.ac.uk/vol1/fastq/SRR161/007/SRR16146707/SRR16146707_2.fastq.gz	e7f7c71ebfbc6d7bb94b97988df07daa;d4bf5912a730649dc221383a9f8a0ec0
K.CSL.1.1	SRR16146696	ftp.sra.ebi.ac.uk/vol1/fastq/SRR161/096/SRR16146696/SRR16146696_1.fastq.gz;ftp.sra.ebi.ac.uk/vol1/fastq/SRR161/096/SRR16146696/SRR16146696_2.fastq.gz	eb4ad2a637828589862870b9a72d6023;23874bb7d260000357f14f85a33516cf
K.CSL.1.2	SRR16146685	ftp.sra.ebi.ac.uk/vol1/fastq/SRR161/085/SRR16146685/SRR16146685_1.fastq.gz;ftp.sra.ebi.ac.uk/vol1/fastq/SRR161/085/SRR16146685/SRR16146685_2.fastq.gz	2ba7599c66abced058c4b05cfb98ab36;b334942aba2a944d14774e34cdd9e94a
K.CT9.1.1	SRR16146674	ftp.sra.ebi.ac.uk/vol1/fastq/SRR161/074/SRR16146674/SRR16146674_1.fastq.gz;ftp.sra.ebi.ac.uk/vol1/fastq/SRR161/074/SRR16146674/SRR16146674_2.fastq.gz	80d21b0e9247829f3b1126a535e03427;e6cb77b29c593b086e4df40257a24686
K.CtE.1.2	SRR16146663	ftp.sra.ebi.ac.uk/vol1/fastq/SRR161/063/SRR16146663/SRR16146663_1.fastq.gz;ftp.sra.ebi.ac.uk/vol1/fastq/SRR161/063/SRR16146663/SRR16146663_2.fastq.gz	d8972296327044cf2232728f9e7baed0;7f25a9b13cbf075ebdc39b5056426dad
K.Ira.13.2	SRR16146659	ftp.sra.ebi.ac.uk/vol1/fastq/SRR161/059/SRR16146659/SRR16146659_1.fastq.gz;ftp.sra.ebi.ac.uk/vol1/fastq/SRR161/059/SRR16146659/SRR16146659_2.fastq.gz	5009cbd2ace384f8b8f8a442d693c553;e31ddfea3085b9b2b5b1301d71914b6d
K.KKF.1.1	SRR16146658	ftp.sra.ebi.ac.uk/vol1/fastq/SRR161/058/SRR16146658/SRR16146658_1.fastq.gz;ftp.sra.ebi.ac.uk/vol1/fastq/SRR161/058/SRR16146658/SRR16146658_2.fastq.gz	f98432aac68e846f2af5a0c887608a2d;2fc993e41fb862f683fb9a6a99aef308
K.KKF.1.2	SRR16146657	ftp.sra.ebi.ac.uk/vol1/fastq/SRR161/057/SRR16146657/SRR16146657_1.fastq.gz;ftp.sra.ebi.ac.uk/vol1/fastq/SRR161/057/SRR16146657/SRR16146657_2.fastq.gz	e1e62f3a157d26c5bc10b3958b132350;db4ad007d09f5a1326c22a6d39a2f157
K.KKF.2.1	SRR16146656	ftp.sra.ebi.ac.uk/vol1/fastq/SRR161/056/SRR16146656/SRR16146656_1.fastq.gz;ftp.sra.ebi.ac.uk/vol1/fastq/SRR161/056/SRR16146656/SRR16146656_2.fastq.gz	e0514dca1a6c7c2aefe83804aaa26628;9976acd578c7e2aba22726bae4f355a1
K.KKF.2.2	SRR16146706	ftp.sra.ebi.ac.uk/vol1/fastq/SRR161/006/SRR16146706/SRR16146706_1.fastq.gz;ftp.sra.ebi.ac.uk/vol1/fastq/SRR161/006/SRR16146706/SRR16146706_2.fastq.gz	976bbf32e46c11baa78e206838813441;0c013dd0a9e561ebaec1bc3f85db7f54
K.Leg.1.1	SRR16146705	ftp.sra.ebi.ac.uk/vol1/fastq/SRR161/005/SRR16146705/SRR16146705_1.fastq.gz;ftp.sra.ebi.ac.uk/vol1/fastq/SRR161/005/SRR16146705/SRR16146705_2.fastq.gz	a4370253898119447643b4642bb09b2e;5b0ac2ddc46610079dee655d69d9b1c7
K.Leg.1.2	SRR16146704	ftp.sra.ebi.ac.uk/vol1/fastq/SRR161/004/SRR16146704/SRR16146704_1.fastq.gz;ftp.sra.ebi.ac.uk/vol1/fastq/SRR161/004/SRR16146704/SRR16146704_2.fastq.gz	333e3cf67b9b67ca52b3f5cf8dc872af;cbb4b68af670066cd2e839cc8f5817b7
K.WKJ.2.1	SRR16146703	ftp.sra.ebi.ac.uk/vol1/fastq/SRR161/003/SRR16146703/SRR16146703_1.fastq.gz;ftp.sra.ebi.ac.uk/vol1/fastq/SRR161/003/SRR16146703/SRR16146703_2.fastq.gz	e30c7f5acad6819cc6c5bc97a52967aa;4add39caa09ddf17fea10795f615eefe
K.WKJ.2.2	SRR16146702	ftp.sra.ebi.ac.uk/vol1/fastq/SRR161/002/SRR16146702/SRR16146702_1.fastq.gz;ftp.sra.ebi.ac.uk/vol1/fastq/SRR161/002/SRR16146702/SRR16146702_2.fastq.gz	dd811b4c72bd4bb9c6e22443c87fb2d4;074a578919e79bbbeec90d8216f83b01
K.ZER.1.1	SRR16146701	ftp.sra.ebi.ac.uk/vol1/fastq/SRR161/001/SRR16146701/SRR16146701_1.fastq.gz;ftp.sra.ebi.ac.uk/vol1/fastq/SRR161/001/SRR16146701/SRR16146701_2.fastq.gz	1d3c6af609234b7fa13ad217a3460b8a;ec4a8cec7b1c0f5bfb1b1bbb69d4928a
K.ZER.1.2	SRR16146700	ftp.sra.ebi.ac.uk/vol1/fastq/SRR161/000/SRR16146700/SRR16146700_1.fastq.gz;ftp.sra.ebi.ac.uk/vol1/fastq/SRR161/000/SRR16146700/SRR16146700_2.fastq.gz	8e310f31c5f67bbe08193c882bcee402;5a801840c3c329dede426a79f8fbd2b3
K.ZER.2.1	SRR16146699	ftp.sra.ebi.ac.uk/vol1/fastq/SRR161/099/SRR16146699/SRR16146699_1.fastq.gz;ftp.sra.ebi.ac.uk/vol1/fastq/SRR161/099/SRR16146699/SRR16146699_2.fastq.gz	5999286aea8b0819d8016b3fe0cfcc36;fb285067d1139907c89eda47ebe4019a
K.ZER.2.2	SRR16146698	ftp.sra.ebi.ac.uk/vol1/fastq/SRR161/098/SRR16146698/SRR16146698_1.fastq.gz;ftp.sra.ebi.ac.uk/vol1/fastq/SRR161/098/SRR16146698/SRR16146698_2.fastq.gz	3262f1b8a15dfd05ca723e94a9728471;f31d91e726b7ad17d45cfb8a73d5e057
K.ZST.1.1	SRR16146697	ftp.sra.ebi.ac.uk/vol1/fastq/SRR161/097/SRR16146697/SRR16146697_1.fastq.gz;ftp.sra.ebi.ac.uk/vol1/fastq/SRR161/097/SRR16146697/SRR16146697_2.fastq.gz	1fc4411b31db15d58614df6c42781b8e;3197eaf064f6fbdeb79230775662a9c1
K.ZST.1.2	SRR16146695	ftp.sra.ebi.ac.uk/vol1/fastq/SRR161/095/SRR16146695/SRR16146695_1.fastq.gz;ftp.sra.ebi.ac.uk/vol1/fastq/SRR161/095/SRR16146695/SRR16146695_2.fastq.gz	56d94baaad316f5ac97143f74f2a2e49;0a77daaba403b7ee29bc812ab3830e50
P.BeL.1.1	SRR16146694	ftp.sra.ebi.ac.uk/vol1/fastq/SRR161/094/SRR16146694/SRR16146694_1.fastq.gz;ftp.sra.ebi.ac.uk/vol1/fastq/SRR161/094/SRR16146694/SRR16146694_2.fastq.gz	6ab174070ec97d7b69ec0c28efe79040;27dfaf50cf3fc13492dbf160920a7a66
P.BeL.1.2	SRR16146693	ftp.sra.ebi.ac.uk/vol1/fastq/SRR161/093/SRR16146693/SRR16146693_1.fastq.gz;ftp.sra.ebi.ac.uk/vol1/fastq/SRR161/093/SRR16146693/SRR16146693_2.fastq.gz	a6b12aa14210acb7f395a1870fc987c7;ff4bba5aa9a169d4702f567eeb6c4d06
P.BeL.2.1	SRR16146692	ftp.sra.ebi.ac.uk/vol1/fastq/SRR161/092/SRR16146692/SRR16146692_1.fastq.gz;ftp.sra.ebi.ac.uk/vol1/fastq/SRR161/092/SRR16146692/SRR16146692_2.fastq.gz	d321761e13c74c40f0e39911160da02d;41fd0c5209f3b73441fb29470569ba3a
P.BeL.2.2	SRR16146691	ftp.sra.ebi.ac.uk/vol1/fastq/SRR161/091/SRR16146691/SRR16146691_1.fastq.gz;ftp.sra.ebi.ac.uk/vol1/fastq/SRR161/091/SRR16146691/SRR16146691_2.fastq.gz	8eda8a493ae581b044856339671bf98e;cf872ee614ccdea4ad29f60187db9e3c
P.Bob.1.2	SRR16146690	ftp.sra.ebi.ac.uk/vol1/fastq/SRR161/090/SRR16146690/SRR16146690_1.fastq.gz;ftp.sra.ebi.ac.uk/vol1/fastq/SRR161/090/SRR16146690/SRR16146690_2.fastq.gz	f087b1416529bbdbf1d199d326ce3afc;c46e6ed24e6eca8945e7a3a7d5c2354f
P.Ira	SRR16146689	ftp.sra.ebi.ac.uk/vol1/fastq/SRR161/089/SRR16146689/SRR16146689_1.fastq.gz;ftp.sra.ebi.ac.uk/vol1/fastq/SRR161/089/SRR16146689/SRR16146689_2.fastq.gz	0fd696f6794befeedd07e72fa8c61041;94c8f62737ec5664da0d99df68ff9a9e
P.Ira.13.2	SRR16146688	ftp.sra.ebi.ac.uk/vol1/fastq/SRR161/088/SRR16146688/SRR16146688_1.fastq.gz;ftp.sra.ebi.ac.uk/vol1/fastq/SRR161/088/SRR16146688/SRR16146688_2.fastq.gz	d989a7bb8524e8e2b11219bfe09a6848;2027ca1e39454fe46d68586bdcce858f
P.Ira.6	SRR16146687	ftp.sra.ebi.ac.uk/vol1/fastq/SRR161/087/SRR16146687/SRR16146687_1.fastq.gz;ftp.sra.ebi.ac.uk/vol1/fastq/SRR161/087/SRR16146687/SRR16146687_2.fastq.gz	5c8706e399f2d7fff29c74b94c7e1f5f;dc7ea0bae941abf9e2d46982328099ef
P.KKF.1.1	SRR16146686	ftp.sra.ebi.ac.uk/vol1/fastq/SRR161/086/SRR16146686/SRR16146686_1.fastq.gz;ftp.sra.ebi.ac.uk/vol1/fastq/SRR161/086/SRR16146686/SRR16146686_2.fastq.gz	d7bb2ff4e05daeefa296503a0cc47f77;c329a5d34897f4b1847e271c249ab135
P.KKF.1.2	SRR16146684	ftp.sra.ebi.ac.uk/vol1/fastq/SRR161/084/SRR16146684/SRR16146684_1.fastq.gz;ftp.sra.ebi.ac.uk/vol1/fastq/SRR161/084/SRR16146684/SRR16146684_2.fastq.gz	d26c6a6c000f061c29496190c94dba87;a7686c624d77beb2936a24ef0b886287
P.KKF.2.1	SRR16146683	ftp.sra.ebi.ac.uk/vol1/fastq/SRR161/083/SRR16146683/SRR16146683_1.fastq.gz;ftp.sra.ebi.ac.uk/vol1/fastq/SRR161/083/SRR16146683/SRR16146683_2.fastq.gz	834a5fa0ad87a1ebb7f2f252b067f226;472b00226cfac7e542c3d7dd5a2abcbe
P.KKF.2.2	SRR16146682	ftp.sra.ebi.ac.uk/vol1/fastq/SRR161/082/SRR16146682/SRR16146682_1.fastq.gz;ftp.sra.ebi.ac.uk/vol1/fastq/SRR161/082/SRR16146682/SRR16146682_2.fastq.gz	6a79e1adbf34e2ed4f0ef810be748479;b59f95c6db53b2c03cbe929a92d5b0e8
P.Leg.1.1	SRR16146681	ftp.sra.ebi.ac.uk/vol1/fastq/SRR161/081/SRR16146681/SRR16146681_1.fastq.gz;ftp.sra.ebi.ac.uk/vol1/fastq/SRR161/081/SRR16146681/SRR16146681_2.fastq.gz	1bb881980102af7f2f2c8c4da886baf2;76cb999de9f0f61df4312852e4bf8363
P.Leg.1.2	SRR16146680	ftp.sra.ebi.ac.uk/vol1/fastq/SRR161/080/SRR16146680/SRR16146680_1.fastq.gz;ftp.sra.ebi.ac.uk/vol1/fastq/SRR161/080/SRR16146680/SRR16146680_2.fastq.gz	7b7afe072febd9bcc5ba354225a97b29;a09e208bace33d3518e18d20f8b06d8f
P.Leg.2.1	SRR16146679	ftp.sra.ebi.ac.uk/vol1/fastq/SRR161/079/SRR16146679/SRR16146679_1.fastq.gz;ftp.sra.ebi.ac.uk/vol1/fastq/SRR161/079/SRR16146679/SRR16146679_2.fastq.gz	0dca8fe0334929cde9df0571d64e22ae;d87ad809152a2787ea19519251b2b46d
P.Leg.2.2	SRR16146678	ftp.sra.ebi.ac.uk/vol1/fastq/SRR161/078/SRR16146678/SRR16146678_1.fastq.gz;ftp.sra.ebi.ac.uk/vol1/fastq/SRR161/078/SRR16146678/SRR16146678_2.fastq.gz	12fed61254ec884ef1445473141a7dc2;925cd6a9f855bf54e9e59edba397c0b9
P.Leg.3.1	SRR16146677	ftp.sra.ebi.ac.uk/vol1/fastq/SRR161/077/SRR16146677/SRR16146677_1.fastq.gz;ftp.sra.ebi.ac.uk/vol1/fastq/SRR161/077/SRR16146677/SRR16146677_2.fastq.gz	aea3a4e78e04da70d44cbb30a2ce71ff;ce38aa3eab333378775ba012e0ac1c97
P.Leg.3.2	SRR16146676	ftp.sra.ebi.ac.uk/vol1/fastq/SRR161/076/SRR16146676/SRR16146676_1.fastq.gz;ftp.sra.ebi.ac.uk/vol1/fastq/SRR161/076/SRR16146676/SRR16146676_2.fastq.gz	e836c86fd30a7563e38ca4d0f2ebb971;6dd6d1b68e969d9e3ffe951efe3c47c1
P.RM.2.1	SRR16146672	ftp.sra.ebi.ac.uk/vol1/fastq/SRR161/072/SRR16146672/SRR16146672_1.fastq.gz;ftp.sra.ebi.ac.uk/vol1/fastq/SRR161/072/SRR16146672/SRR16146672_2.fastq.gz	51cd0bc1c086c6afc62c9b5f1bdaf3d4;dc1f9c36c8fb7ce9a944f5b74f9891b8
P.RM.2.2	SRR16146671	ftp.sra.ebi.ac.uk/vol1/fastq/SRR161/071/SRR16146671/SRR16146671_1.fastq.gz;ftp.sra.ebi.ac.uk/vol1/fastq/SRR161/071/SRR16146671/SRR16146671_2.fastq.gz	24f74fa45cf1cccb97713f4dfa800063;9d2207b99c982e9494fae5e6c828125c
P.Rm.1.1	SRR16146675	ftp.sra.ebi.ac.uk/vol1/fastq/SRR161/075/SRR16146675/SRR16146675_1.fastq.gz;ftp.sra.ebi.ac.uk/vol1/fastq/SRR161/075/SRR16146675/SRR16146675_2.fastq.gz	bafb5212508d67831546d8912a08a12a;e13a3d16a3ba6e44c54969e769e572a5
P.Rm.1.2	SRR16146673	ftp.sra.ebi.ac.uk/vol1/fastq/SRR161/073/SRR16146673/SRR16146673_1.fastq.gz;ftp.sra.ebi.ac.uk/vol1/fastq/SRR161/073/SRR16146673/SRR16146673_2.fastq.gz	a62dee5141cdf734351a84930e49e766;aa20fa556fefa3f81bbea450ee1486a4
P.Rop	SRR16146670	ftp.sra.ebi.ac.uk/vol1/fastq/SRR161/070/SRR16146670/SRR16146670_1.fastq.gz;ftp.sra.ebi.ac.uk/vol1/fastq/SRR161/070/SRR16146670/SRR16146670_2.fastq.gz	fc6c4552e28c6247504a0d67952bcee4;c7f41c19b4f54cb39641d6c219261e85
P.Rop.1.2	SRR16146669	ftp.sra.ebi.ac.uk/vol1/fastq/SRR161/069/SRR16146669/SRR16146669_1.fastq.gz;ftp.sra.ebi.ac.uk/vol1/fastq/SRR161/069/SRR16146669/SRR16146669_2.fastq.gz	ef74e2532ac5da72d57331946111e74b;124f9fcc19707c0ef7780a03def1ce5c
P.WJB.1.1	SRR16146668	ftp.sra.ebi.ac.uk/vol1/fastq/SRR161/068/SRR16146668/SRR16146668_1.fastq.gz;ftp.sra.ebi.ac.uk/vol1/fastq/SRR161/068/SRR16146668/SRR16146668_2.fastq.gz	367ca70ad8fd6e5f1728e750d5deb91d;df4fe02e99c214ecea275fd67f445762
P.WJB.1.2	SRR16146667	ftp.sra.ebi.ac.uk/vol1/fastq/SRR161/067/SRR16146667/SRR16146667_1.fastq.gz;ftp.sra.ebi.ac.uk/vol1/fastq/SRR161/067/SRR16146667/SRR16146667_2.fastq.gz	b12c98125de38c88fb3157219fa652a6;2c243154a1c6b1882574f6023e49e9bd
P.WRJ.1.1	SRR16146666	ftp.sra.ebi.ac.uk/vol1/fastq/SRR161/066/SRR16146666/SRR16146666_1.fastq.gz;ftp.sra.ebi.ac.uk/vol1/fastq/SRR161/066/SRR16146666/SRR16146666_2.fastq.gz	478af11067a772d1e18827779dbac864;ca3395cef133b3e8482633aeb3b41870
P.WRJ.1.2	SRR16146665	ftp.sra.ebi.ac.uk/vol1/fastq/SRR161/065/SRR16146665/SRR16146665_1.fastq.gz;ftp.sra.ebi.ac.uk/vol1/fastq/SRR161/065/SRR16146665/SRR16146665_2.fastq.gz	886936c04b90f9f9f812dbce96d813e3;1287758b195facfae152ce16033ae86c
P.ZER.1.1	SRR16146664	ftp.sra.ebi.ac.uk/vol1/fastq/SRR161/064/SRR16146664/SRR16146664_1.fastq.gz;ftp.sra.ebi.ac.uk/vol1/fastq/SRR161/064/SRR16146664/SRR16146664_2.fastq.gz	d1baa29cd864b8a148aba5fae2f1ca44;cc35a3ac631b2d2e2dc224b92413bc4c
P.ZER.1.2	SRR16146662	ftp.sra.ebi.ac.uk/vol1/fastq/SRR161/062/SRR16146662/SRR16146662_1.fastq.gz;ftp.sra.ebi.ac.uk/vol1/fastq/SRR161/062/SRR16146662/SRR16146662_2.fastq.gz	e2b263e99f85be4237a4c8e85abdfff9;ca8376e1c51043b38db1a06cfe290a05
P.ZER.2.1	SRR16146661	ftp.sra.ebi.ac.uk/vol1/fastq/SRR161/061/SRR16146661/SRR16146661_1.fastq.gz;ftp.sra.ebi.ac.uk/vol1/fastq/SRR161/061/SRR16146661/SRR16146661_2.fastq.gz	5e84c35c844dcf83bb8e344c25309937;2c91c9ec3fab5e3a82552d137e97e47f
P.ZER.2.2	SRR16146660	ftp.sra.ebi.ac.uk/vol1/fastq/SRR161/060/SRR16146660/SRR16146660_1.fastq.gz;ftp.sra.ebi.ac.uk/vol1/fastq/SRR161/060/SRR16146660/SRR16146660_2.fastq.gz	c91955bcbfe9624f566210ebee64ebb3;1c74052b91a215f015340f6f95d3980e
